{
  "roc_auc": 0.938350114820703,
  "pr_auc": 0.9592765022808645,
  "accuracy": 0.8333333333333334,
  "f1": 0.8666666666666667,
  "f1_positive": 0.8666666666666667,
  "f1_negative": 0.7777777777777778,
  "sensitivity": 0.934640522875817,
  "specificity": 0.6936936936936937,
  "precision": 0.807909604519774,
  "positive_rate": 0.5795454545454546,
  "brier": 0.13668414561382494,
  "ece": 0.18844531695450467,
  "mce": 0.31011446108927915
}