metric,train_cv_mean,train_cv_std,train_full,jain,shehata,harvey
accuracy,0.6623708907281184,0.050974662947141716,0.9101796407185628,0.6625,0.6436781609195402,0.591
brier,0.21741700022187924,0.020271411169910186,0.11665071019938734,0.22139135891974987,0.21782309109856102,0.24546840955240937
f1,0.7077209368147139,0.04851899452292494,0.9206349206349206,0.6582278481012658,0.7559055118110236,0.6851424172440339
pr_auc,0.7634663632172333,0.10957910638823334,0.9799643062378985,0.573693007119922,0.7821425551823535,0.6133460281368168
roc_auc,0.7252354944616971,0.06247276310694904,0.9706677677385926,0.7244897959183674,0.7475490196078431,0.666758
sensitivity,0.7379850570322173,0.072838177232663,0.925531914893617,0.8387096774193549,0.9411764705882353,0.89
specificity,0.5861670736670737,0.10655027993607612,0.8904109589041096,0.5510204081632653,0.2222222222222222,0.292
