metric,train_cv_mean,train_cv_std,train_full,jain,shehata,harvey
accuracy,0.8097479718741496,0.000923960205931535,0.8124104034405079,0.8,0.8392857142857143,0.684
brier,0.13311499410595873,0.0015597745722254425,0.13279281710899088,0.13329822752051543,0.1358795487732608,0.22718611493468294
f1,0.8327636242777203,0.00021026774589165978,0.8356066044508256,0.7575757575757576,0.8732394366197183,0.7308347529812607
pr_auc,0.9154660701368549,0.00010182381980939655,0.915885278930741,0.8776013600530143,0.9843309521079935,0.7479268093308776
roc_auc,0.8905831068286301,0.0009906682444760725,0.8911439439846597,0.8933508887425938,0.95625,0.7743599999999999
