metric,train_cv_mean,train_cv_std,train_full,jain,shehata,harvey
accuracy,0.6188701923076924,0.06776101254443449,0.8709175738724728,0.6125,0.41379310344827586,0.5
brier,0.24388110190546128,0.03168383333367054,0.11128295648508625,0.3874999999998099,0.5862068965473711,0.5
f1,0.6446224464521189,0.061402733087650624,0.8829337094499294,0.0,0.0,0.0
pr_auc,0.7195282066178263,0.06488619175442664,0.9587482419979598,0.5196095500305373,0.6571479095924684,0.3852854584723248
roc_auc,0.6686097427476738,0.06844032276891837,0.9478290698814076,0.5984200131665569,0.5931372549019608,0.30612
sensitivity,0.6225396825396825,0.07544201745961136,0.8743016759776536,0.0,0.0,0.0
specificity,0.6133004926108374,0.1080582666285368,0.8666666666666667,1.0,1.0,1.0
