metric,train_cv_mean,train_cv_std,train_full,jain,shehata,harvey
accuracy,0.8961705924016452,0.0014180280269233368,0.9510546795003072,0.7625,0.9107142857142857,0.641
brier,0.07779470062303558,0.0006683455148412874,0.0374348265600715,0.18910129509990276,0.08568751801524743,0.3041223910382017
f1,0.9103152866720408,0.0006450676964204477,0.957796221084231,0.7164179104477612,0.9333333333333333,0.6814551907719609
pr_auc,0.9677952137916913,0.002444897249308035,0.9920602675872523,0.8241690799512208,0.9899333583827011,0.6497536487477819
roc_auc,0.9597803836082043,0.001701926136163741,0.9893831574898796,0.8439763001974984,0.9734375,0.6815680000000001
