{
  "spearman": 0.6081061664162255,
  "p_value": 3.749681337075095e-99
}