metric,train_cv_mean,train_cv_std,train_full,jain,shehata,harvey
accuracy,0.6220192307692308,0.041462796361125424,0.8351477449455676,0.6125,0.41379310344827586,0.5
brier,0.2271654320808189,0.011710766002538077,0.1820738313358777,0.26057521512151716,0.3658575670864257,0.32018192632073883
f1,0.713313453004471,0.03384751875235696,0.8644501278772379,0.0,0.0,0.0
pr_auc,0.7186965312836804,0.061822249861349425,0.9527397271351004,0.3875,0.5862068965517241,0.5
roc_auc,0.6657905719759168,0.0654394348123386,0.9416152112123884,0.5,0.5,0.5
sensitivity,0.8463492063492062,0.06090312530694653,0.9441340782122905,0.0,0.0,0.0
specificity,0.34039408866995075,0.07785874929318494,0.6982456140350877,1.0,1.0,1.0
