{
  "roc_auc": 0.9905788141082259,
  "pr_auc": 0.9923037859851996,
  "accuracy": 0.9166666666666666,
  "f1": 0.9320987654320988,
  "f1_positive": 0.9320987654320988,
  "f1_negative": 0.8921568627450981,
  "sensitivity": 0.9869281045751634,
  "specificity": 0.8198198198198198,
  "precision": 0.8830409356725146,
  "positive_rate": 0.5795454545454546,
  "brier": 0.1193409244134164,
  "ece": 0.2663144370301983,
  "mce": 0.4067132995835119
}