{
  "roc_auc": 0.9453865630336219,
  "pr_auc": 0.960791418625327,
  "accuracy": 0.8712121212121212,
  "f1": 0.8950617283950617,
  "f1_positive": 0.8950617283950617,
  "f1_negative": 0.8333333333333334,
  "sensitivity": 0.9477124183006536,
  "specificity": 0.7657657657657657,
  "precision": 0.847953216374269,
  "positive_rate": 0.5795454545454546,
  "brier": 0.1343391807824488,
  "ece": 0.19188595075491893,
  "mce": 0.3662439700659345
}