{
  "roc_auc": 0.9826002473061297,
  "pr_auc": 0.9874987583733714,
  "accuracy": 0.8295454545454546,
  "f1": 0.8710601719197708,
  "f1_positive": 0.8710601719197708,
  "f1_negative": 0.7486033519553073,
  "sensitivity": 0.9934640522875817,
  "specificity": 0.6036036036036037,
  "precision": 0.7755102040816326,
  "positive_rate": 0.5795454545454546,
  "brier": 0.12475249577116476,
  "ece": 0.25606099085730766,
  "mce": 0.4183588859853029
}