{
  "roc_auc": 0.6115563975517343,
  "pr_auc": 0.6593345666405044,
  "accuracy": 0.592814371257485,
  "f1": 0.7094017094017094,
  "f1_positive": 0.7094017094017094,
  "f1_negative": 0.32,
  "sensitivity": 0.8829787234042553,
  "specificity": 0.2191780821917808,
  "precision": 0.5928571428571429,
  "positive_rate": 0.562874251497006,
  "brier": 0.23813844608403142,
  "ece": 0.06338116717720728,
  "mce": 0.25893857254746105
}