{
  "spearman": 0.3187176248226597,
  "p_value": 2.4290102299807998e-24
}