{
  "roc_auc": 0.8867677062081026,
  "pr_auc": 0.9163491603416087,
  "accuracy": 0.8043912175648703,
  "f1": 0.835016835016835,
  "f1_positive": 0.835016835016835,
  "f1_negative": 0.7598039215686274,
  "sensitivity": 0.8794326241134752,
  "specificity": 0.7077625570776256,
  "precision": 0.7948717948717948,
  "positive_rate": 0.562874251497006,
  "brier": 0.164878076734428,
  "ece": 0.16705438265976255,
  "mce": 0.24791293252502067
}