split,n_samples,positives,positive_rate,score_mean,score_std
harvey,1000,500,0.5,0.6522058828990198,0.15209520123826134
jain,80,31,0.3875,0.5159464539248055,0.1656238803655999
shehata_curated,87,51,0.5862068965517241,0.7146929843764274,0.1706527803433161
train_cv_oof,970,501,0.5164948453608248,0.5093362107014393,0.17675654014873232
