{
  "spearman": 0.6081303052484757,
  "p_value": 3.665935144639647e-99
}