{
  "roc_auc": 0.8419093174816947,
  "pr_auc": 0.8464455048207167,
  "accuracy": 0.7566063977746871,
  "f1": 0.7741935483870968,
  "f1_positive": 0.7741935483870968,
  "f1_negative": 0.7360482654600302,
  "sensitivity": 0.819672131147541,
  "specificity": 0.6912181303116147,
  "precision": 0.7334963325183375,
  "positive_rate": 0.5090403337969402,
  "brier": 0.18461064182059092,
  "ece": 0.12872706765722217,
  "mce": 0.23329246829028838
}