{
  "roc_auc": 0.9178884767120061,
  "pr_auc": 0.9428017570838186,
  "accuracy": 0.8106060606060606,
  "f1": 0.8511904761904762,
  "f1_positive": 0.8511904761904762,
  "f1_negative": 0.7395833333333334,
  "sensitivity": 0.934640522875817,
  "specificity": 0.6396396396396397,
  "precision": 0.7814207650273224,
  "positive_rate": 0.5795454545454546,
  "brier": 0.14809874723583322,
  "ece": 0.1687368323914361,
  "mce": 0.3668467376062676
}