{
  "roc_auc": 0.8630252230557871,
  "pr_auc": 0.8623217646751207,
  "accuracy": 0.7694444444444445,
  "f1": 0.7756756756756756,
  "f1_positive": 0.7756756756756756,
  "f1_negative": 0.7628571428571429,
  "sensitivity": 0.8107344632768362,
  "specificity": 0.7295081967213115,
  "precision": 0.7435233160621761,
  "positive_rate": 0.49166666666666664,
  "brier": 0.17620688487089842,
  "ece": 0.14471537451124591,
  "mce": 0.2766361307311088
}