metric,train_cv_mean,train_cv_std,train_full,jain,shehata,harvey
accuracy,0.6264646464646464,0.051048812415950426,0.87248322147651,0.4,0.5632183908045977,0.448
brier,0.22959265640972518,0.023512626065498216,0.15852287198520904,0.29091717874020057,0.2525811714066776,0.28920397451713614
f1,0.6742839412557997,0.07255748700832866,0.8954128440366973,0.5,0.7205882352941176,0.6011560693641619
pr_auc,0.7248167512173108,0.0844312707610208,0.9590469694933608,0.5674132535957408,0.6021829465754787,0.4148170291873293
roc_auc,0.6645368421052631,0.09340751112630453,0.95151159020911,0.6191573403554971,0.5364923747276689,0.34791400000000006
sensitivity,0.7143333333333334,0.13459403982181214,0.9838709677419355,0.7741935483870968,0.9607843137254902,0.832
specificity,0.5171052631578947,0.09764265160016516,0.7336683417085427,0.16326530612244897,0.0,0.064
