feature,coef,abs_coef
CDRH3_pI,0.17817804007185484,0.17817804007185484
