{
  "spearman": 0.3837369807933535,
  "p_value": 2.182802057066693e-35
}