{
  "roc_auc": 0.9700605589559247,
  "pr_auc": 0.9786245576482697,
  "accuracy": 0.8922155688622755,
  "f1": 0.9081632653061225,
  "f1_positive": 0.9081632653061225,
  "f1_negative": 0.8695652173913043,
  "sensitivity": 0.9468085106382979,
  "specificity": 0.821917808219178,
  "precision": 0.8725490196078431,
  "positive_rate": 0.562874251497006,
  "brier": 0.16217290357690597,
  "ece": 0.28419640945671776,
  "mce": 0.38425306207622295
}