{
  "spearman": 0.4290637870529189,
  "p_value": 1.0180779004209291e-44
}