{
  "roc_auc": 0.9706677677385926,
  "pr_auc": 0.9799643062378985,
  "accuracy": 0.9101796407185628,
  "f1": 0.9206349206349206,
  "f1_positive": 0.9206349206349206,
  "f1_negative": 0.896551724137931,
  "sensitivity": 0.925531914893617,
  "specificity": 0.8904109589041096,
  "precision": 0.9157894736842105,
  "positive_rate": 0.562874251497006,
  "brier": 0.11665071019938734,
  "ece": 0.20823989883828095,
  "mce": 0.30076862877112454
}