metric,train_cv_mean,train_cv_std,train_full,jain,shehata,harvey
accuracy,0.9219777733078548,0.009645988563806841,0.9569936514437846,0.7,0.8928571428571429,0.536
brier,0.05920305307316619,0.005508770397720452,0.03384916946753649,0.2194217712216402,0.0817761186642937,0.42223776817742475
f1,0.9336141556370305,0.008229735488608015,0.9633379888268156,0.6842105263157895,0.9210526315789473,0.68
pr_auc,0.9775025929289589,0.004319220080033973,0.9933549677885578,0.7229485045858904,0.9892219851430379,0.6840274451489078
roc_auc,0.9724952015117344,0.003545790903091423,0.9911603558097516,0.8084265964450297,0.97109375,0.722036
sensitivity,0.935412148826783,0.011854516834712161,0.9633379888268156,0.8387096774193549,0.875,0.986
specificity,0.9029333530367964,0.017597170105860885,0.9479940564635958,0.6122448979591837,0.9375,0.086
