{
  "roc_auc": 0.9384705628106573,
  "pr_auc": 0.9403649748968688,
  "accuracy": 0.8569444444444444,
  "f1": 0.8587105624142661,
  "f1_positive": 0.8587105624142661,
  "f1_negative": 0.8551336146272855,
  "sensitivity": 0.884180790960452,
  "specificity": 0.8306010928961749,
  "precision": 0.8346666666666667,
  "positive_rate": 0.49166666666666664,
  "brier": 0.16395942123788462,
  "ece": 0.22685981790269105,
  "mce": 0.3541184255728568
}