metric,train_cv_mean,train_cv_std,train_full,jain,shehata,harvey
accuracy,0.6584161397169527,0.05283286374962439,0.8702570379436965,0.3875,0.5862068965517241,0.5
brier,0.21896330628747873,0.015405844038906328,0.14489383919528825,0.4995342975206613,0.3407494229125108,0.40963657024793393
f1,0.6514611312179528,0.05528292752580299,0.8694581280788177,0.5585585585585585,0.7391304347826086,0.6666666666666666
pr_auc,0.7304317105819996,0.06307940869067111,0.9536161034765441,0.3875,0.5862068965517241,0.5
roc_auc,0.7113964846522987,0.055292227475803875,0.9451390139914729,0.5,0.5,0.5
sensitivity,0.613344407530454,0.07460373625628297,0.8266978922716628,1.0,1.0,1.0
specificity,0.7076923076923076,0.09300150775203718,0.9179487179487179,0.0,0.0,0.0
