metric,train_cv_mean,train_cv_std,train_full,jain,shehata,harvey
accuracy,0.605,0.05009272918392466,0.645412130637636,0.6125,0.41379310344827586,0.5
brier,0.23892957627868955,0.013837765840506515,0.22522889856434009,0.2659594308959138,0.3992565808531872,0.3292003642971355
f1,0.6844462871391781,0.04058393902217658,0.7091836734693877,0.0,0.0,0.0
pr_auc,0.644055962452899,0.06506486872258625,0.6807974676612454,0.36982349144912813,0.45000342703552126,0.5054168010427598
roc_auc,0.6110481663929941,0.0735744721736197,0.6629569734391845,0.4529295589203423,0.23366013071895425,0.509298
sensitivity,0.7712698412698413,0.06752388332089676,0.776536312849162,0.0,0.0,0.0
specificity,0.39630541871921177,0.08907535190761645,0.4807017543859649,1.0,1.0,1.0
