feature,coef,abs_coef
CDRH3_pI,0.2032407605316224,0.2032407605316224
