{
  "roc_auc": 1.0,
  "pr_auc": 1.0,
  "accuracy": 1.0,
  "f1": 1.0,
  "f1_positive": 1.0,
  "f1_negative": 1.0,
  "sensitivity": 1.0,
  "specificity": 1.0,
  "precision": 1.0,
  "positive_rate": 0.5,
  "brier": 0.026683947120335557,
  "ece": 0.16335221798413255,
  "mce": 0.16335221798413257
}