{
  "roc_auc": 0.5,
  "pr_auc": 0.5,
  "accuracy": 0.5,
  "f1": 0.6666666666666666,
  "f1_positive": 0.6666666666666666,
  "f1_negative": 0.0,
  "sensitivity": 1.0,
  "specificity": 0.0,
  "precision": 0.5,
  "positive_rate": 0.5,
  "brier": 0.25,
  "ece": 0.0,
  "mce": 0.0
}