{
  "roc_auc": 0.9334691735358588,
  "pr_auc": 0.9340744206084233,
  "accuracy": 0.8430555555555556,
  "f1": 0.8300751879699249,
  "f1_positive": 0.8300751879699249,
  "f1_negative": 0.8541935483870968,
  "sensitivity": 0.7796610169491526,
  "specificity": 0.9043715846994536,
  "precision": 0.887459807073955,
  "positive_rate": 0.49166666666666664,
  "brier": 0.14224921516258363,
  "ece": 0.174687080131309,
  "mce": 0.27664169659154525
}