{
  "roc_auc": 0.6598173515981736,
  "pr_auc": 0.7098417792482419,
  "accuracy": 0.6227544910179641,
  "f1": 0.7288378766140603,
  "f1_positive": 0.7288378766140603,
  "f1_negative": 0.380327868852459,
  "sensitivity": 0.900709219858156,
  "specificity": 0.2648401826484018,
  "precision": 0.6120481927710844,
  "positive_rate": 0.562874251497006,
  "brier": 0.22046034407248805,
  "ece": 0.028046347419249447,
  "mce": 0.13706985734496724
}