feature,coef,abs_coef
CDRH3_pI,0.21836007436237728,0.21836007436237728
