{
  "roc_auc": 0.5580491596230448,
  "pr_auc": 0.6397756728480364,
  "accuracy": 0.5209580838323353,
  "f1": 0.5604395604395604,
  "f1_positive": 0.5604395604395604,
  "f1_negative": 0.47368421052631576,
  "sensitivity": 0.5425531914893617,
  "specificity": 0.4931506849315068,
  "precision": 0.5795454545454546,
  "positive_rate": 0.562874251497006,
  "brier": 0.24365565647770596,
  "ece": 0.08021991724765017,
  "mce": 0.17106088353118176
}