metric,train_cv_mean,train_cv_std,train_full,jain,shehata,harvey
accuracy,0.6587628865979382,0.05464890012659206,0.8268041237113402,0.5625,0.6551724137931034,0.595
brier,0.2235319116055116,0.018962175603266247,0.15662515750955766,0.24279686553142504,0.2165016816418584,0.24773456114764916
f1,0.6696782189000988,0.06299537758822071,0.8336633663366336,0.5569620253164557,0.7619047619047619,0.6924829157175398
pr_auc,0.714888602097006,0.05708225800698414,0.9292972997744521,0.5278583152282428,0.8047268853263766,0.6542793792066878
roc_auc,0.6986513032595092,0.06118614841648312,0.9195170426737144,0.6287030941408822,0.7546296296296297,0.684726
sensitivity,0.6745490196078431,0.0836475582873346,0.8403193612774451,0.7096774193548387,0.9411764705882353,0.912
specificity,0.6418131359851988,0.05982401422406732,0.8123667377398721,0.46938775510204084,0.25,0.278
