{
  "roc_auc": 0.6134751773049645,
  "pr_auc": 0.6574546703493537,
  "accuracy": 0.6027944111776448,
  "f1": 0.7144906743185079,
  "f1_positive": 0.7144906743185079,
  "f1_negative": 0.3475409836065574,
  "sensitivity": 0.8829787234042553,
  "specificity": 0.2420091324200913,
  "precision": 0.6,
  "positive_rate": 0.562874251497006,
  "brier": 0.23835338209124576,
  "ece": 0.07529858969482486,
  "mce": 0.39583958685094567
}