metric,train_cv_mean,train_cv_std,train_full,jain,shehata,harvey
accuracy,0.9205416708572194,0.010519593825270993,0.9834118369854598,0.675,0.8571428571428571,0.525
brier,0.05960644904607963,0.005855384378372058,0.01931686865727392,0.2385111703718313,0.08911365310987403,0.43448016588941446
f1,0.9324255860489272,0.009171333832271596,0.9859105931466342,0.6578947368421053,0.8947368421052632,0.6748802190280629
pr_auc,0.9775586883586358,0.004769186166549491,0.9987068380470925,0.6666046449154568,0.9876572262540021,0.6593973676466063
roc_auc,0.9721770655225512,0.004051502478502386,0.9983405725219354,0.7774851876234364,0.96796875,0.6995659999999999
sensitivity,0.9350564070076265,0.013800996747850956,0.9895251396648045,0.8064516129032258,0.85,0.986
specificity,0.8999630560070934,0.01408248280890699,0.974739970282318,0.5918367346938775,0.875,0.064
