{
  "roc_auc": 0.9963492904669375,
  "pr_auc": 0.9974522208975231,
  "accuracy": 0.9659090909090909,
  "f1": 0.9712460063897763,
  "f1_positive": 0.9712460063897763,
  "f1_negative": 0.958139534883721,
  "sensitivity": 0.9934640522875817,
  "specificity": 0.9279279279279279,
  "precision": 0.95,
  "positive_rate": 0.5795454545454546,
  "brier": 0.12877433980146583,
  "ece": 0.3180943993582514,
  "mce": 0.4126870121122556
}