{
  "roc_auc": 0.6709090320282391,
  "pr_auc": 0.71989257043884,
  "accuracy": 0.6307385229540918,
  "f1": 0.7345767575322812,
  "f1_positive": 0.7345767575322812,
  "f1_negative": 0.39344262295081966,
  "sensitivity": 0.9078014184397163,
  "specificity": 0.273972602739726,
  "precision": 0.6168674698795181,
  "positive_rate": 0.562874251497006,
  "brier": 0.2172627373532797,
  "ece": 0.04535750527074663,
  "mce": 0.16776524644945695
}