{
  "roc_auc": 0.9223594792489047,
  "pr_auc": 0.9290513128193743,
  "accuracy": 0.8400556328233658,
  "f1": 0.8418156808803301,
  "f1_positive": 0.8418156808803301,
  "f1_negative": 0.8382559774964838,
  "sensitivity": 0.8360655737704918,
  "specificity": 0.8441926345609065,
  "precision": 0.8476454293628809,
  "positive_rate": 0.5090403337969402,
  "brier": 0.16003733485456037,
  "ece": 0.21085133349912236,
  "mce": 0.3054753834414857
}