metric,train_cv_mean,train_cv_std,train_full,jain,shehata,harvey
accuracy,0.5944522144522144,0.06422651010734647,0.8509984639016898,0.6125,0.41379310344827586,0.5
brier,0.2348250742627557,0.013409572665768846,0.1754940009768543,0.3047331499290427,0.4530918630572462,0.3886353347950752
f1,0.6506775427892457,0.05890519980630191,0.8650904033379694,0.0,0.0,0.0
pr_auc,0.6727010275705372,0.06011780766111383,0.9484911888966714,0.407258064516129,0.5862068965517241,0.5
roc_auc,0.6395360079515677,0.0691920235061456,0.9409159799185374,0.5161290322580645,0.4861111111111111,0.5
sensitivity,0.715798319327731,0.09215371249500591,0.9014492753623189,0.0,0.0,0.0
specificity,0.456989247311828,0.13020770850044705,0.7941176470588235,1.0,1.0,1.0
