family,accuracy,roc_auc
influenza,0.6294820717131474,0.6821839080459771
hiv,0.652,0.6748893732250182
mouse_iga,0.603411513859275,0.6215251141552511
